scene_number,scene_text,characters,locations
1,"INT. THE CHROMATIC CATACOMBS - NIGHT
Shadows dance across the crystalline walls, casting rainbow ref...","Phoenix, NIGHT","CHROMATIC, CATACOMBS, THE"
2,Heavy footsteps echo through the corridor. The metallic clink of enforcer badges grows closer.,,
3,Phoenix's fingers trace the fresh paint on the wall beside her -- a vibrant mural of breaking chains...,Phoenix,
4,"ENFORCER (O.S.)
Sector seven clear. Moving to--",ENFORCER,Sector seven
5,"A loose crystal drops from above, SHATTERING against the metal floor. The footsteps stop.",SHATTERING,
6,"ENFORCER (O.S.)
What was that?",ENFORCER,
7,Phoenix's eyes dart between two possible escape routes -- a narrow maintenance shaft to her left and...,Phoenix,
8,"She takes a deep breath, her freckles beginning to glow brighter with rising adrenaline. The enforce...",The enforcer,
9,"Phoenix bursts from behind the server, sprinting toward the wider corridor. Her paint-splattered hoo...",Phoenix,
10,"2.
ENFORCER
Stop! In violation of Creative Suppression Act 2.7!",ENFORCER,
11,"Phoenix vaults over a fallen cooling unit, her movements fluid and practiced. The enforcer's heavy b...","Phoenix, ENFORCER",
12,"Her hair streams behind her, the colored streaks seeming to leave trails in the phosphorescent air. ...",,
13,"ENFORCER
All units! Target heading east through server block D!",ENFORCER,
14,"Phoenix's sneakers barely touch the ground as she races deeper into the catacombs, the rainbow refle...",Phoenix,CATACOMBS
15,She reaches a junction where the catacombs split into three paths. The left tunnel glows with an eer...,,
16,"Phoenix pulls out a small UV marker, quickly drawing a luminescent arrow that points right but glows...","Phoenix, UV",
17,"ENFORCER (O.S.)
(getting closer)",ENFORCER,
18,Block all exits! She's here somewhere!,,
19,"Phoenix dashes down the center path, her footsteps silent against the humming floor. Behind her, the...",Phoenix,center path
20,"3.
ENFORCER
Left tunnel! Move in!",ENFORCER,
21,The sound of boots echoes from multiple directions now. Phoenix presses herself against a wall cover...,Phoenix,intersection
22,"PHOENIX
(whispering to herself)",Phoenix,
23,Art of misdirection.,,
24,"She slips away down the amber-lit tunnel, her movements fluid like water through the prismatic space...",The enforcer,amber-lit tunnel
25,"Phoenix reaches into her pocket, retrieving a handful of bioluminescent paint capsules. As she runs,...",Phoenix,
26,"The capsules burst on impact, their glow mixing with the natural light show of the catacombs. Phoeni...",Phoenix,
27,"INT. THE CHROMATIC CATACOMBS - NIGHT
Shadows dance across the crystalline walls, casting rainbow ref...","Phoenix, NIGHT","CHROMATIC, CATACOMBS, THE"
28,Heavy footsteps echo through the corridor. The metallic clink of enforcer badges grows closer.,,
29,Phoenix's fingers trace the fresh paint on the wall beside her -- a vibrant mural of breaking chains...,Phoenix,
30,"4.
ENFORCER (O.S.)
Sector seven clear. Moving to--",ENFORCER,Sector seven
31,"A loose crystal drops from above, SHATTERING against the metal floor. The footsteps stop.",SHATTERING,
32,"ENFORCER (O.S.)
What was that?",ENFORCER,
33,Phoenix's eyes dart between two possible escape routes -- a narrow maintenance shaft to her left and...,Phoenix,
34,"She takes a deep breath, her freckles beginning to glow brighter with rising adrenaline. The enforce...",The enforcer,
35,"Phoenix bursts from behind the server, sprinting toward the wider corridor. Her paint-splattered hoo...",Phoenix,
36,"ENFORCER
Stop! In violation of Creative Suppression Act 2.7!",ENFORCER,
37,"Phoenix vaults over a fallen cooling unit, her movements fluid and practiced. The enforcer's heavy b...","Phoenix, ENFORCER",
38,"Her hair streams behind her, the colored streaks seeming to leave trails in the phosphorescent air. ...",,
39,"5.
PHOENIX stands motionless before the blank wall, her luminescent freckles casting a soft glow on ...",Phoenix,blank wall
40,"Her eyes close. A single tear rolls down her cheek, catching the ethereal light.",,
41,"She opens her eyes, determination blazing. With swift, purposeful movements, she begins to paint. Th...",,
42,"As she works, her strokes become bolder, more confident. The mural takes shape – a portrait of her m...",her mother,
43,"PHOENIX
(whispers)",Phoenix,
44,"This is for you, Mom. For all of us.",Mom,
45,Her freckles pulse brighter as she adds the final touches – small points of light within the mural t...,,
46,"PHOENIX steps back, her chest rising and falling with emotion. She touches the pendant at her neck, ...",Phoenix,
47,"PHOENIX
(to herself)",Phoenix,
48,"They can lock away our bodies, but they can't
chain our spirits. Not anymore.",,
49,"The mural casts dancing shadows on her face as she reaches out to touch it, her fingers leaving trac...",,The mural
50,"6.
A distant echo of footsteps reverberates through the catacombs. Phoenix doesn't flinch, her hand ...",Phoenix,CATACOMBS
51,"PHOENIX
(soft but fierce)",Phoenix,
52,"I used to think being strong meant never showing
weakness. But you taught me different, didn't you?",,
53,"She traces the outline of her mother's smile, her own freckles pulsing in sync with the mural's biol...",her mother,
54,"PHOENIX
Our art shows others they're not alone. That's
what scares them most.",Phoenix,
55,"She pulls out a small, worn sketchbook from her hoodie. Opens it to reveal a childhood drawing – sti...",,rainbow sky
56,"PHOENIX
(with growing conviction)",Phoenix,
57,"Every stroke of color, every hidden message...
they're all acts of rebellion. But they're also
acts ...",,
58,"7.
Her freckles suddenly blaze brighter than ever before, casting sharp shadows across the catacomb ...",,
59,"Phoenix tucks the sketchbook away, squares her shoulders. Her fingers curl into a fist, then slowly ...",Phoenix,
60,"PHOENIX
And love... love is the strongest rebellion of all.",Phoenix,
61,"The echo of footsteps grows louder, but Phoenix remains rooted in place. Her fingers trail across th...",Phoenix,
62,"PHOENIX
(voice thick with emotion)",Phoenix,
63,"You always said art was how we keep our memories
alive. How we fight back against those who'd
make u...",,
64,"She pulls her hand back, examining the luminescent paint on her fingertips. Her freckles pulse in a ...",,
65,"PHOENIX
I'm not hiding anymore. Let them see what we can
create. Let them try to wash it away.",Phoenix,
66,"The bioluminescent birds in her mural seem to take flight, their wings casting moving shadows across...",her mother,
67,"8.
PHOENIX
(whispers)",Phoenix,
68,"They thought they could break us by keeping us
apart. But you're in every piece I create, every
colo...",,
69,"Her freckles suddenly dim, then flare brilliantly, illuminating the entire corridor. The mural respo...",,
70,"The footsteps are close now, accompanied by the distinct sound of enforcer boots. Phoenix stands tal...",Phoenix,
71,"PHOENIX
(with quiet strength)",Phoenix,
72,"Come see what we can do. Come see what you
can't control.",,
73,She reaches into her pocket and pulls out a handful of bioluminescent powder. With a graceful moveme...,,
74,"Phoenix sprints through the dark corridor, her luminescent freckles casting an ethereal glow against...","Phoenix, enforcers",
75,"She reaches into her pocket, pulls out a small sphere filled with bioluminescent paint. A quick glan...",,
76,"9.
PHOENIX
(under her breath)",Phoenix,
77,Time for a light show.,,
78,"She hurls the sphere against the wall. It SHATTERS in a brilliant burst of color, temporarily blindi...",SHATTERS,
79,"ENFORCER (O.S.)
My eyes! I can't see!",ENFORCER,
80,"Phoenix vaults over a fallen server rack, her movements fluid and practiced. Her painted sneakers ba...",Phoenix,hidden passage
81,"The enforcers' voices grow distant, replaced by the soft hum of ancient machinery. Phoenix presses h...",Phoenix,
82,"She pulls out her sketchbook, quickly capturing the moment with swift, assured strokes – the chaos o...",,
83,"Suddenly, a metallic CLANG echoes through the passage. Phoenix's head snaps up from her sketchbook, ...","Phoenix, CLANG",
84,"PHOENIX
(whispering)",Phoenix,
85,Not done with me yet?,,
86,"She silently slides the sketchbook away, pressing herself deeper into the shadows. Her fingers trace...",,
87,"10.
The heavy boots of enforcers grow louder, accompanied by the electric hum of their visors.",enforcers,
88,"ENFORCER 2 (O.S.)
Heat signature detected. Check the east corridor.","ENFORCER, ENFORCER 2",east corridor
89,"Phoenix's fingers find the edge of the panel. With practiced precision, she applies pressure to a sp...","Phoenix, HISS",
90,She slips inside just as flashlight beams cut through the darkness where she stood moments before. T...,,
91,"Through the thin wall, she hears the enforcers' frustrated voices fade away. Phoenix pulls out a sma...","LED, Phoenix",
92,"PHOENIX
(to herself)",Phoenix,
93,Another masterpiece for the collection.,,
94,"She moves deeper into the shaft, her footsteps silent, leaving only the lingering glow of her biolum...",,
95,"The shaft narrows, forcing Phoenix to crouch lower. Her LED light catches something ahead – a famili...","LED, Phoenix",
96,"PHOENIX
(touching the symbol)",Phoenix,
97,"11.
Home sweet home.",,
98,"She presses her palm against it, and a section of the wall slides away, revealing a hidden chamber b...",,
99,"Phoenix steps into her sanctuary, shrugging off her backpack. Her freckles cast dancing patterns acr...",Phoenix,
100,"A quiet BEEP from her wrist device. She taps it, projecting a holographic map of the enforcer positi...",BEEP,
101,"PHOENIX
(smirking)",Phoenix,
102,Better luck next time.,,
103,"She collapses onto a worn beanbag chair, her fingers absent-mindedly tracing patterns in the air – t...",,
104,The gentle HUM of old servers provides a comforting white noise as she finally allows her muscles to...,HUM,
105,"PHOENIX
(softly)",Phoenix,
106,One more day of freedom. One more piece of art they couldn't destroy.,,
107,"Her freckles pulse once more before dimming to a soft glow, matching the peaceful atmosphere of her ...",,
108,"12.
Phoenix's fingers trace the luminescent patterns on the wall, her freckles glowing in harmony wi...",Phoenix,
109,"She pulls out her worn sketchbook, flipping to a fresh page. Her hands move with newfound purpose as...",,
110,"PHOENIX
(to herself)",Phoenix,
111,This isn't just art... it's a revolution waiting to happen.,,
112,"She looks up at the towering walls of server racks turned canvases, where previous artists have left...",,
113,The crystallized data fragments cast prismatic light across her face as she reaches into her backpac...,,
114,"PHOENIX
(whispered, with conviction)",Phoenix,
115,Mom... I'm going to finish what you started.,Mom,
116,"She shakes the can, the familiar rattle echoing through the catacombs like a battle drum. As she rai...",,CATACOMBS
117,"FADE OUT.
The paint can trembles in Phoenix's hand as a distant rumble echoes through the catacombs....","Phoenix, OUT",CATACOMBS
118,"13.
PHOENIX
(touching the wall)",Phoenix,
119,Every artist who came before me... I can feel their courage.,Every artist,
120,"Her freckles pulse in sync with the quantum remnants, casting dancing shadows on the walls. She step...",,
121,"The crystallized data fragments seem to respond to her presence, their rainbow refractions intensify...",,
122,"PHOENIX
(with fierce determination)",Phoenix,
123,This isn't just a hiding place.,,
124,"She runs her fingers along the cool surface of an old server rack, now adorned with rebellious artwo...",,
125,"PHOENIX
It's our stage. Our voice.",Phoenix,
126,She pulls out a small pendant from beneath her hoodie – her mother's gift – holding it up to catch t...,her mother,
127,"PHOENIX
(whispered, with growing conviction)",Phoenix,
128,And they can't silence us anymore.,,
129,"14.
The quantum phenomena swirl around her like a protective embrace as she stands tall, her silhoue...",,
130,"> DISSOLVE TO:
A surge of quantum energy ripples through the catacombs, causing the crystallized dat...",Phoenix,CATACOMBS
131,"She reaches into her pocket, retrieving a handful of small, glowing capsules -- her own creation of ...",,
132,"PHOENIX
(crushing a capsule between her fingers)",Phoenix,
133,Every color they tried to erase...,,
134,"The compound spreads across her fingertips, leaving trails of light as she moves her hand through th...",,
135,"PHOENIX
We'll bring it back brighter.",Phoenix,
136,"She begins to work, her movements fluid and purposeful. The bioluminescent paint flows from her hand...",,
137,"As she paints, distant voices echo through the catacombs -- fragments of underground music, whispere...",,CATACOMBS
138,"15.
PHOENIX
(to the voices, while painting)",Phoenix,
139,I hear you. We all hear you.,,
140,"Her mural takes shape -- a burst of light breaking through darkness, each stroke defying the regime'...",,
141,"She steps back, breathing heavily, her creation pulsing with life before her. The pendant around her...",her mother,
142,"PHOENIX
(touching the still-wet paint)",Phoenix,
143,This is just the beginning.,,
144,"The quantum phenomena swirl around her mural, seeming to protect and amplify it. In this moment, Pho...",Phoenix,
145,"FADE TO BLACK.
INT. CHROMATIC CATACOMBS - NIGHT
Rainbow light dances across weathered server racks a...","Phoenix, BLACK, UNDERGROUND, NIGHT, ARTISTS","CHROMATIC, CATACOMBS"
146,The artists sit on repurposed server parts arranged in a makeshift circle. Phoenix's luminescent fre...,Phoenix,
147,"16.
ELDERLY ARTIST
(gesturing to a floating artwork)","ELDERLY, ARTIST, ELDERLY ARTIST",
148,Our art doesn't just disappear anymore. These walls remember. They hold our stories.,,
149,"A young artist, KAI, 16, leans forward, his eyes bright with conviction.",KAI,
150,"KAI
And now the stories are spreading. My cousin saw one of your murals, Phoenix. Said it gave her h...","My cousin, Phoenix, KAI",
151,"Phoenix runs her fingers through her multi-colored hair, her usual confidence wavering.",Phoenix,
152,"PHOENIX
I always thought I had to do this alone. Protect everyone by keeping them at a distance.",Phoenix,
153,"The floating pigments swirl around them, creating ephemeral patterns that seem to connect each perso...",,
154,"MAYA, 20s, her arms covered in bioluminescent tattoos, places a hand on Phoenix's shoulder.","Phoenix, MAYA",
155,"MAYA
That's what they want - to isolate us. But look around. Every piece of art here tells the same ...",MAYA,
156,"Phoenix's freckles glow brighter as she looks at each face in turn, seeing not just fellow artists, ...",Phoenix,
157,"17.
PHOENIX
(voice growing stronger)",Phoenix,
158,"Then let's tell that story so loud they can't ignore it. Not just my art, or yours - but ours.",,
159,"The artists nod in agreement as the rainbow lights intensify, casting their determined faces in a sp...",The artists,
160,"INT. CHROMATIC CATACOMBS - NIGHT
ELDERLY ARTIST
(nodding toward Phoenix)","NIGHT, ARTIST, ELDERLY, ELDERLY ARTIST","CHROMATIC, CATACOMBS"
161,"When I first saw your work, child, I thought 'here's another lone wolf.' But you've brought somethin...","lone wolf, child",
162,"Phoenix shifts, her luminescent freckles flickering with uncertainty.",Phoenix,
163,"KAI
She's right. Your art... it makes people stop. Talk to each other. Share stories.",KAI,
164,"The floating pigments between them pulse with each word, forming abstract patterns that mirror their...",,
165,"MAYA
That's what terrifies them most. Not just the art - but how it brings us together.",MAYA,
166,"18.
Phoenix traces her finger through a stream of floating color, watching it spiral and dance.",Phoenix,
167,"PHOENIX
I've been so focused on the message, I almost missed the most important part - the people re...",Phoenix,
168,"A younger artist, SENNA, 14, pipes up from the corner, her voice small but determined.",SENNA,corner
169,"SENNA
My brother saw one of your murals last week. He'd stopped drawing after... after they took our...","My brother, SENNA",
170,"Phoenix's freckles pulse brighter as tears well in her eyes. The rainbow lights catch the moisture, ...",Phoenix,
171,"PHOENIX
(voice thick with emotion)",Phoenix,
172,That's not because of my art. That's because of what we all represent - hope. And hope... hope sprea...,,
173,"The floating pigments swirl faster, creating a kaleidoscope effect that connects every person in the...","Phoenix, MAYA",
174,"MAYA
So what do you say? Ready to stop being a lone wolf?",MAYA,
175,"19.
Phoenix looks around the circle, her gaze lingering on each face - artists, dreamers, fighters. ...",Phoenix,
176,"PHOENIX
I say it's time we paint something bigger than all of us.",Phoenix,
177,"The server racks seem to hum in response, their crystallized data casting ever-brighter rainbow patt...",,
178,"INT. CHROMATIC CATACOMBS - NIGHT
ELDERLY ARTIST
When we create together, our art becomes more than m...","NIGHT, ARTIST, ELDERLY, ELDERLY ARTIST","CHROMATIC, CATACOMBS"
179,The floating pigments coalesce into a shimmering curtain behind the circle of artists. Phoenix's fre...,Phoenix,
180,"MAYA
(studying Phoenix)",MAYA,
181,You've inspired more people than you know. But imagine what we could do if we combined our talents.,,
182,"KAI
My whole block has been talking about your latest piece. The one with the broken chains?",KAI,
183,SENNA,SENNA,
184,"20.
I saw people stopping to look at it. Actually stopping. In broad daylight.",,
185,"Phoenix stands, walking to the curtain of floating paint. She reaches out, letting the colors flow t...",Phoenix,
186,"PHOENIX
I used to think being alone made me stronger. Kept everyone safe.",Phoenix,
187,"She turns back to the group, her eyes glistening with determination.",,
188,"PHOENIX
But that's exactly what they want. Us separated. Isolated.",Phoenix,
189,"The elderly artist rises shakily, joins Phoenix by the paint curtain.","Phoenix, The elderly artist",
190,"ELDERLY ARTIST
Together, we are a chorus they cannot silence.","ELDERLY, ARTIST, ELDERLY ARTIST",
191,Phoenix's freckles blaze brighter as she looks at each face in turn. The rainbow lights catch her te...,Phoenix,
192,"PHOENIX
Then let's give them something worth listening to.",Phoenix,
193,"21.
The floating pigments surge and swirl, forming a momentary image of a phoenix rising before diss...",The artists,
194,Phoenix's luminescent freckles pulse with newfound intensity as she takes in Zara's words. Her finge...,"Phoenix, ZARA",
195,"PHOENIX
(voice soft but determined)",Phoenix,
196,"All my life, I've been running, hiding my art in shadows. But here... it's like the darkness itself ...",,
197,"Zara gently places her hand over Phoenix's, the ink patterns on her skin swirling in response to the...","Phoenix, ZARA",
198,"ZARA
The shadows can't dim what burns bright within you, child. Your mother understood that too.","ZARA, child, Your mother",
199,Phoenix's eyes glisten at the mention of her mother. She pulls out a small sketchbook from her hoodi...,Phoenix,
200,"PHOENIX
I want to learn. To create something bigger than myself. Something that could reach her, eve...",Phoenix,
201,"She stands straighter, her posture shifting from cautious to confident.",,
202,"PHOENIX
(continuing)",Phoenix,
203,"22.
I want to join you. Not just to hide, but to fight back. With art. With light.",,
204,"The bioluminescent walls around them pulse in response, casting ethereal patterns across their faces...",ZARA,
205,"ZARA
(smiling warmly)",ZARA,
206,"Then welcome home, Phoenix Chen. Welcome to the revolution.",Phoenix Chen,
207,"Phoenix's freckles glow brighter than ever, matching the intensity in her eyes as she takes in her n...",Phoenix,
208,"Her shoulders relax, releasing years of tension as she reaches into her backpack, pulling out a crum...",DISSIDENT,
209,"PHOENIX
(tearing the poster in half)",Phoenix,
210,They made me feel like a criminal for wanting to create. Called me dangerous for daring to dream in ...,,
211,"Zara's ink patterns shift to form delicate brushstrokes of light, dancing across her arms as she tak...",ZARA,
212,"ZARA
(placing the torn poster in a glass jar filled with similar fragments)",ZARA,
213,"Every artist in here has one of these. Badges of honor, I like to think.",Every artist,
214,"23.
Phoenix watches as the jar catches the light, fragments of wanted posters creating a kaleidoscop...",Phoenix,
215,"PHOENIX
(touching her glowing freckles)",Phoenix,
216,My mother always said my light would find its way home.,My mother,
217,(beat),,
218,I think... I think this is where it was meant to shine.,,
219,"The bioluminescent walls pulse in harmony with her words, casting rainbow reflections across the jar...",ZARA,
220,"ZARA
Then let's make sure they see your light from every corner of this city.",ZARA,
221,"Phoenix's hands begin to move instinctively, already sketching new designs in the air, her movements...",Phoenix,
222,"ZARA
Those light trails... they're your signature, aren't they? The way they dance with your movemen...",ZARA,
223,"Phoenix nods, her fingers continuing to paint invisible masterpieces in the air, each gesture leavin...",Phoenix,
224,"PHOENIX
(mesmerized by the trails)",Phoenix,
225,"24.
Ever since I was little, my art always had a way of... glowing. Like it was alive.",,
226,"She pauses, watching as the last light trail fades, then turns to face Zara with newfound determinat...",ZARA,
227,"PHOENIX
I want to learn everything. How to make the walls speak. How to turn our pain into something...",Phoenix,
228,"Zara's ink patterns shift into intricate geometric shapes, resonating with Phoenix's energy.","Phoenix, ZARA",
229,"ZARA
(touching her own shifting skin)",ZARA,
230,It won't be easy. The path of an artist in these times requires more than just talent.,ARTIST,
231,(beat),,
232,It requires courage. The willingness to bleed light into darkness.,,
233,"Phoenix reaches out, her fingertips brushing against the wall, leaving small bursts of luminescence ...",Phoenix,
234,"PHOENIX
(voice strong)",Phoenix,
235,Then teach me to bleed light.,,
236,"The room seems to respond to her words, the bioluminescent walls pulsing with increased intensity. Z...",ZARA,
237,"25.
ZARA
Tomorrow, we begin. Tonight...",ZARA,
238,(gesturing to the space around them),,
239,"Tonight, you rest. You're home now.",,
240,Phoenix's freckles glow with an intensity that matches the conviction in her eyes. She pulls out her...,Phoenix,
241,"PHOENIX
(sketching rapidly)",Phoenix,
242,"No. Tonight, we start. I've got seventeen years of silence to make up for.",,
243,"Her hand moves with purpose across the page, leaving traces of light in the wake of her pencil strok...",,
244,RORY sprawls on the floor surrounded by scattered circuit boards and holographic displays. He fiddle...,RORY,
245,"RORY
(excited)",RORY,
246,"Check this out, Phoenix! I've been working on something that'll make your art literally impossible t...",Phoenix,
247,"PHOENIX kneels beside him, her luminescent freckles reflecting off the metallic surfaces.",Phoenix,
248,"26.
PHOENIX
Impossible is my favorite kind of possible.",Phoenix,
249,Rory holds up a tiny crystalline chip between his fingers.,RORY,
250,"RORY
Quantum pigments. They exist in multiple states at once. The enforcers try to paint over it...",RORY,
251,He drops the chip into a vial of paint. The liquid begins to shimmer with an otherworldly iridescenc...,,
252,"RORY
(grinning)",RORY,
253,And boom - the original art phases right back through.,,
254,"Phoenix dips her finger in the paint, watching as it leaves a trail that seems to dance between dime...",Phoenix,
255,"PHOENIX
(softly)",Phoenix,
256,Like memories they can't erase.,,
257,"RORY
(typing rapidly on a holographic keyboard)",RORY,
258,"27.
Exactly! And if we combine it with my new broadcasting algorithm...",,
259,"The paint trail suddenly projects upward, creating a miniature three-dimensional light show.",,
260,"PHOENIX
(eyes widening)",Phoenix,
261,We could turn the whole city into our canvas.,,
262,"Their eyes meet, sharing a moment of pure creative electricity. Phoenix pulls out her sketchbook, he...",Phoenix,
263,"PHOENIX
What if we start here...",Phoenix,
264,"She begins to sketch rapidly while Rory leans in, his implants pulsing in sync with her movements.",RORY,
265,"RORY
(finishing her thought)",RORY,
266,And let it spread like a digital wildfire.,,
267,"Phoenix's sketch begins to take shape - a phoenix rising from binary code, its wings made of quantum...",,
268,PHOENIX,Phoenix,
269,"28.
They can't cage what they can't catch.",,
270,"Rory's fingers dance across his keyboard, translating her art into digital form.",RORY,
271,"RORY
(with determination)",RORY,
272,Time to show them what happens when art and tech join the rebellion.,,
273,"PHOENIX
Let's map it out - show me how your algorithm works.",Phoenix,
274,"She shifts closer to Rory's workspace, their shoulders almost touching as they huddle over the holog...",RORY,workspace
275,"RORY
(enthusiastically)",RORY,
276,"So the quantum pigments create a base layer, right? But watch this...",,
277,"He pulls up a 3D wireframe model of New Singapore's skyline. With a few gestures, he sends waves of ...",,
278,"RORY
Your art won't just appear - it'll evolve. Respond to the environment.",RORY,
279,"29.
PHOENIX
(sketching rapidly)",Phoenix,
280,Like a living thing...,,
281,"Her pencil strokes sync with Rory's code, creating a hybrid design where organic shapes merge with d...",RORY,
282,"RORY
(pointing to specific sections)",RORY,
283,The quantum state makes it unpredictable. Even I won't know exactly how it'll manifest.,,
284,"PHOENIX
(grinning)",Phoenix,
285,"That's what makes it perfect. Art should be wild, untameable.",,
286,"She reaches over and adjusts one of his code sequences. Their hands briefly touch, causing Rory's im...",RORY,
287,"RORY
(impressed)",RORY,
288,You're getting good at reading the algorithms.,,
289,"PHOENIX
And you're getting better at seeing the poetry in the code.",Phoenix,
290,"30.
They share a knowing look as their creation takes shape - a perfect fusion of artistic vision an...",,
291,"PHOENIX
(touching the hologram)",Phoenix,
292,This isn't just art anymore. It's evolution.,,
293,"The 3D model ripples under her touch, sending waves of quantum light through the digital city.",,
294,"RORY
(leaning back, thoughtful)",RORY,
295,We could seed these quantum nodes throughout the underground transit system.,,
296,"PHOENIX
Like digital dandelions...",Phoenix,
297,"She quickly sketches a network of interconnected nodes, each one blooming with artistic potential.",,
298,"RORY
(pointing to specific intersections)",RORY,
299,The morning commute would trigger the first wave. By sunset...,,
300,"31.
PHOENIX
The whole city becomes our gallery.",Phoenix,
301,"She adds more details to her sketch - figures looking up in wonder, their faces illuminated by quant...",,
302,"RORY
(typing commands)",RORY,
303,"I can program different activation patterns. Make it respond to crowd movement, temperature changes....",,
304,"He demonstrates by waving his hand through the hologram, causing ripples of code to form intricate p...",,
305,"PHOENIX
(excited)",Phoenix,
306,"What if we tie it to emotions? The stronger people feel, the more the art transforms.",,
307,"RORY
(eyes lighting up)",RORY,
308,Biometric sensors! I've been tinkering with some prototypes.,,
309,He pulls out a small device that pulses in rhythm with his heartbeat.,,
310,PHOENIX,Phoenix,
311,"32.
(touching the sensor)
Art that beats with the heart of the city.",,
312,"The sensor responds to her touch, projecting a small burst of color that mirrors her emotional state...",,
313,"RORY
Together, we're basically creating a living, breathing masterpiece.",RORY,
314,"PHOENIX
(smiling)",Phoenix,
315,One that fights back.,,
316,She adds final touches to her sketch - a blend of circuitry and organic forms that seems to move on ...,,
317,"RORY
(gesturing at their combined work)",RORY,
318,Technology amplifies art...,,
319,"PHOENIX
(finishing his thought)",Phoenix,
320,And art gives technology its soul.,,
321,"33.
Their creation hovers between them, a testament to what happens when rebellion meets innovation.",,
322,"PHOENIX
(voice rising with conviction)",Phoenix,
323,Our art isn't just paint and light. It's our weapon against the darkness. Every piece we create is a...,,
324,"The gathered artists lean forward, captivated by her words. The rainbow patterns on the catacomb wal...",The gathered artists,
325,"PHOENIX
(touching her luminescent freckles)",Phoenix,
326,"They can try to erase us, but like these lights in the dark, we'll keep coming back. Brighter. Stron...",,
327,"RORY
(grinning, his tech implants glowing)",RORY,
328,"Hell yeah, we will!",,
329,"ZARA
(her ink patterns swirling with pride)",ZARA,
330,"The spirit of art cannot be contained, dear ones.",,
331,"Phoenix raises her paint-stained fist. One by one, the other artists follow suit, a forest of raised...",Phoenix,CATACOMBS
332,"34.
PHOENIX
Together, we're not just artists. We're revolutionaries.",Phoenix,
333,"The cheers echo through the tunnels, a thunderous chorus of defiance. The crystallized data remnants...",,the tunnels
334,"PHOENIX
(softer, but steel in her voice)",Phoenix,
335,"And I promise you this - we'll paint this city back to life, no matter the cost.",,
336,"The rainbow patterns swirl faster, almost like applause, as the artists embrace each other. Phoenix ...",Phoenix,underground night
337,"FADE TO BLACK
The thunderous cheers fade to whispers as Phoenix steps down from her makeshift platfo...","Phoenix, BLACK",
338,"RORY
(punching the air)",RORY,
339,Now that's what I call an inspiring speech! You had me at weapon against darkness.,,
340,"Zara approaches Phoenix, her ink patterns forming intricate spirals of pride and determination.","Phoenix, ZARA",
341,ZARA,ZARA,
342,"35.
(placing a hand on Phoenix's shoulder)
You've given them something precious tonight. Hope.","Phoenix, Hope",
343,"PHOENIX
(looking at the gathered faces)",Phoenix,
344,They gave me something too.,,
345,"Her freckles pulse with a warm, steady glow as she takes in the moment. The crystallized data remnan...",,
346,"PHOENIX
(touching the pendant from her mother)",Phoenix,
347,"For the first time since Mom was taken, I don't feel alone anymore.",Mom,
348,"The rainbow patterns on the walls seem to dance in response, creating a mesmerizing display of light...",ARTISTS,
349,"RORY
(grinning at his tablet)",RORY,
350,"Already got three new crews wanting to join up. You're starting something big, Phoenix.",,
351,"PHOENIX
(determined)",Phoenix,
352,We all are.,,
353,"36.
She looks up at the shimmering ceiling of their underground sanctuary, her expression resolute.",,
354,"PHOENIX
(quietly)",Phoenix,
355,And we're just getting started.,,
356,"The quantum light phenomena swirl one final time, bathing the scene in a brilliant array of colors b...",,
357,"CUT TO BLACK
The lights slowly fade back in, revealing Phoenix still standing among her chosen famil...","Phoenix, BLACK",
358,"PHOENIX
(touching her mother's pendant)",Phoenix,
359,Mom always said art could change the world. I used to think she was just being hopeful.,Mom,
360,"She turns to face the gathered artists, her eyes blazing with determination.",,
361,"PHOENIX
But looking at all of you... I know she was right.",Phoenix,
362,"37.
Zara's ink patterns form a striking pattern of interlinked hands across her skin.",ZARA,
363,"ZARA
(softly)",ZARA,
364,Your mother would be proud.,Your mother,
365,"PHOENIX
She'll see it herself. One day, we'll free her. Free everyone.",Phoenix,
366,"Rory steps forward, his tech implants casting blue light across the walls.",RORY,
367,"RORY
Count me in. All the way.",RORY,
368,"The other artists murmur in agreement, their voices building to a crescendo. Phoenix raises her pain...",Phoenix,
369,"PHOENIX
(voice carrying through the catacombs)",Phoenix,
370,"I swear by these lights, by these walls, by every drop of paint we've ever spilled...",,
371,"The quantum phenomena intensify, creating a corona of light around her.",,
372,"38.
PHOENIX
We won't stop until every wall in this city tells our story. Until every child can creat...","Phoenix, every child",
373,"The crystallized data remnants pulse in rhythm with her words, casting rainbow shadows across the fa...",,
374,"PHOENIX
(fierce whisper)",Phoenix,
375,Until we're all free.,,
376,"The artists erupt in cheers once more, their voices echoing through the tunnels like thunder. Phoeni...",Phoenix,
377,"FADE OUT
INT. CHROMATIC CATACOMBS - NIGHT
Rainbow light patterns dance across the walls of the spraw...","ARTISTS, OUT, NIGHT","CHROMATIC, CATACOMBS"
378,"ZARA stands on a raised platform of old server blocks, her subcutaneous ink patterns pulsing with in...",ZARA,
379,"ZARA
looks across the gathered artists
We didn't choose this sanctuary because it was safe. We chose...",ZARA,
380,"39.
Her voice carries through the space as more artists gather around. PHOENIX leans against a cryst...",Phoenix,
381,"ZARA
They thought burying these servers would bury our spirit. But look what we've created here - ar...",ZARA,
382,"RORY
adjusts his metallic implants
But they're getting closer. The enforcer patrols-",RORY,
383,"ZARA
Have always been there. Yet here we stand. Our art speaks louder than their threats.",ZARA,
384,"Phoenix pushes off from the column, stepping forward. Her movement catches Zara's eye.","Phoenix, ZARA",column
385,"ZARA
(to Phoenix)",ZARA,
386,"You've seen it, haven't you? How a single piece of art can ignite hope in someone's eyes? That's wha...",,
387,"The floating pigments swirl more vigorously around Zara, as if responding to her words. Phoenix's fr...","Phoenix, ZARA",
388,PHOENIX,Phoenix,
389,"40.
So we keep creating. No matter what.",,
390,"ZARA
We do more than create. We remind people what it means to be human. Every piece of art is an ac...",ZARA,
391,"The gathered artists murmur in agreement, the tension in the room transforming into a current of ene...","Phoenix, RORY",
392,"ZARA
(voice rising with passion)",ZARA,
393,"Every enforcer patrol, every crackdown, every arrest - they're proof that our art terrifies them. Be...",,
394,"Her skin patterns ripple with waves of intensity, casting dancing shadows on the server walls. Phoen...","Phoenix, ZARA",platform
395,"PHOENIX
And truth spreads. Like light through these catacombs.",Phoenix,
396,"RORY
(tapping his implants nervously)",RORY,
397,"Yeah, but so does fear. Half the district's too scared to even look at art anymore.",,
398,"ZARA
Then we make art they can't help but see.",ZARA,
399,"41.
(scanning the crowd)
Art that bleeds into dreams, that echoes in memory long after they've washe...",,
400,"The floating pigments swirl into a spiral around Zara, forming ephemeral shapes of raised fists and ...",,
401,"PHOENIX
(eyes fixed on the floating art)",Phoenix,
402,"We could use the quantum residue. Create pieces that resist deletion, that change like-",,
403,(gestures to Zara's shifting skin patterns),,
404,-like your ink.,,
405,"ZARA
Now you're thinking like a revolutionary.",ZARA,
406,(to the crowd),,
407,This isn't just about making beautiful things. It's about making permanent change. Each piece we cre...,,
408,"The assembled artists lean forward, their faces illuminated by the rainbow light phenomena. Rory's i...",RORY,
409,"ZARA
They can whitewash our walls, but they can't erase what our art awakens in people's hearts. Tha...",ZARA,
410,"INT. CHROMATIC CATACOMBS - NIGHT
42.
The rainbow lights intensify, casting prismatic shadows across ...","ZARA, NIGHT","CHROMATIC, CATACOMBS"
411,"ZARA
(voice rising)",ZARA,
412,This is the moment we've been waiting for. Our art isn't just decoration - it's a weapon against apa...,,
413,Her patterns form intricate spirals down her arms as she gestures passionately. Phoenix's freckles g...,Phoenix,
414,"PHOENIX
They'll try to stop us. Like they always do.",Phoenix,
415,"ZARA
Let them try. Every piece they erase creates a hundred new artists ready to take its place.",ZARA,
416,The floating pigments coalesce into shapes of breaking chains and spreading wings above the crowd. R...,RORY,
417,"RORY
(grinning)",RORY,
418,"We could hack their billboards, turn their propaganda into our canvas.",,
419,ZARA,ZARA,
420,"43.
Exactly! We use everything at our disposal. Every wall, every screen, every shadow.
(looking dir...",,
421,"Phoenix steps forward, her luminescent freckles casting a soft glow on her determined face.",Phoenix,
422,"PHOENIX
Then we need to coordinate. Make it bigger than random acts of rebellion.",Phoenix,
423,"ZARA
(nodding)",ZARA,
424,"We strike together. One voice, one vision, one revolution through art.",,
425,"The quantum residue in the air shimmers more intensely, creating a halo effect around the gathered a...",ZARA,
426,"PHOENIX
(to the crowd)",Phoenix,
427,Who's with us?,,
428,"A wave of raised hands fills the space, accompanied by the soft whir of Rory's implants and the gent...","RORY, ZARA",
429,ZARA,ZARA,
430,"44.
Remember - our art carries the dreams of everyone who's ever been silenced. Tonight, we begin ma...",,
431,"The rainbow light phenomena intensify, bathing the scene in a kaleidoscope of defiant color.",,
432,"PHOENIX
(with growing confidence)",Phoenix,
433,"It's not just about one artist or one piece. Every mark we make, every color we choose -- it's a voi...",,
434,"The shifting ink patterns on Zara's skin pulse with a gentle blue light as she steps forward, placin...",ZARA,
435,"ZARA
What if we created something that changes, like the city itself? A mural that tells our story -...",ZARA,
436,"Several artists move closer, touching the wall. Their fingertips leave faint traces of bioluminescen...",Several artists,
437,"PHOENIX
(touching her glowing freckles)",Phoenix,
438,"We could use the quantum residue in the walls. Make it react with our bio-lights, create something t...",,
439,"An excited murmur ripples through the gathered artists. One pulls out a sketchbook, another starts m...",,
440,ZARA,ZARA,
441,"45.
(watching the group with pride)
Each of us carries a light within. Together, we become a constel...",Each of us,
442,"Phoenix's freckles pulse brighter as she pulls out her worn notebook, flipping to a fresh page. Her ...",Phoenix,
443,"PHOENIX
Look -- we could start here, with the old city breaking apart...",Phoenix,
444,"The artists cluster around Phoenix's sketch, pointing and adding their own ideas. Their excitement f...",Phoenix,
445,"ZARA
(touching her shifting ink patterns)",ZARA,
446,"And end here, with new growth emerging from the fragments.",,
447,"The bioluminescent traces on the wall begin to pulse in rhythm with Zara's patterns, creating a hypn...",ZARA,
448,"PHOENIX
(studying the wall's pulsing patterns)",Phoenix,
449,"It's like the wall is breathing with us, responding to our energy.",,
450,"A young artist with neon-tipped hair steps forward, her hands trembling slightly.",A young artist,
451,"46.
YOUNG ARTIST
I remember the stories my grandmother told me about the festivals -- how the whole ...","YOUNG, my grandmother, ARTIST, YOUNG ARTIST",
452,Phoenix's freckles shimmer brighter as she reaches out to steady the young artist's hands.,Phoenix,
453,"PHOENIX
Then let's bring that light back. Not just in memories, but right here, right now.",Phoenix,
454,"ZARA
(her ink patterns swirling with purpose)",ZARA,
455,"Each of us will contribute a piece of our story. The pain, the hope, the dreams we refuse to surrend...",Each of us,
456,"The artists begin to move instinctively, forming a circle around the wall. Their bio-lights create o...",The artists,
457,"PHOENIX
(touching her mother's luminescent pendant)",Phoenix,
458,My mother always said that true art comes from the spaces between heartbeats -- where fear meets cou...,My mother,
459,"She pulls out a small vial of her specialized paint, the liquid inside catching the quantum light.",,
460,"PHOENIX
This compound I've been working on... it doesn't just glow. It remembers. Every emotion, eve...",Phoenix,
461,"47.
The young artist dips her finger in the compound, and where she touches the wall, the light ripp...",The young artist,
462,"ZARA
(watching the light spread)",ZARA,
463,"This is how we build our constellation -- one story, one light at a time.",,
464,"The gathered artists begin sharing their own materials -- modified pigments, quantum-infused inks, b...",The gathered artists,
465,"PHOENIX
(mixing the compounds together)",Phoenix,
466,"Each color tells its own story -- but together, they create something entirely new.",,
467,The mixed compounds create a swirling aurora of light that dances across the wall. Artists begin to ...,ARTISTS,
468,"ELDERLY ARTIST
(voice trembling with emotion)","ELDERLY, ARTIST, ELDERLY ARTIST",
469,"I remember painting the sunrise over Marina Bay, before they outlawed public art.",,Marina Bay
470,His gnarled hands release drops of golden pigment that spiral upward against gravity.,,
471,YOUNG ARTIST,"YOUNG, ARTIST",
472,"48.
(gaining confidence)
And I dream of a city where my children can paint that sunrise again.",my children,city
473,Her neon-tipped hair glows as she adds streaks of fierce orange that intertwine with the gold.,,
474,"ZARA
(her skin patterns flowing like water)",ZARA,
475,Look how the quantum residue amplifies each addition -- like the walls themselves are joining our re...,,
476,Phoenix reaches out to touch the wall where the colors merge. Her freckles pulse in sync with the sw...,Phoenix,
477,"PHOENIX
It's not just art anymore. It's a promise -- a vision of what we can become.",Phoenix,
478,The combined materials begin to form shapes -- fragments of the old city morphing into something new...,,
479,"ZARA
(studying the emerging imagery)",ZARA,
480,"The city's memory lives in these walls. And now, our dreams are becoming part of that memory.",,
481,"Artists murmur in agreement, their bio-lights creating a soft aurora above their heads. A young boy,...",A young boy,
482,"49.
YOUNG BOY
(holding up his own glowing creation)","YOUNG, YOUNG BOY, BOY",
483,I made this from recycled quantum chips and my mom's old paint.,my mom,
484,"Phoenix kneels beside him, her pendant catching the light.",Phoenix,
485,"PHOENIX
(softly)",Phoenix,
486,That's perfect. Because the future we're building comes from everything that came before.,,
487,"The boy's contribution sends ripples through the existing pattern, creating new connections between ...",The boy,
488,"PHOENIX
The Beacon of Rebellion. That's what we'll call it.",Phoenix,
489,Her luminescent freckles glow brighter as she looks at the gathered artists. Rory's eyes light up wi...,RORY,
490,"RORY
(pumping his fist)",RORY,
491,Now that's a name that'll make the regime shake in their boots!,,
492,"Zara steps forward, her subcutaneous ink patterns swirling with intensity as she raises her hand.",ZARA,
493,"50.
ZARA
A beacon indeed. One that will shine through the darkness they've created.",ZARA,
494,"The underground artists begin to chant, their voices growing stronger with each repetition.",The underground artists,
495,"UNDERGROUND ARTISTS
(in unison)","ARTISTS, UNDERGROUND",
496,Beacon of Rebellion! Beacon of Rebellion!,,
497,Phoenix's eyes well with tears as she watches her community unite. Her hand instinctively touches th...,"Phoenix, RORY",
498,"PHOENIX
(voice thick with emotion)",Phoenix,
499,"Together, we'll make them remember what it means to be alive. What it means to create.",,
500,"The chanting continues, echoing through the Chromatic Catacombs as rainbow light phenomena dance acr...",ZARA,Chromatic Catacombs
501,"RORY
(grinning)",RORY,
502,Look at that - even the catacombs are joining our rebellion.,,CATACOMBS
503,"51.
Phoenix raises her spray can, and one by one, the others follow suit, their tools of creation he...",Phoenix,
504,"PHOENIX
(voice rising with determination)",Phoenix,
505,This isn't just art anymore. This is our revolution!,,
506,"The crystallized data remnants in the walls pulse brighter, casting prismatic light across the faces...",ZARA,
507,"ZARA
(touching her heart)",ZARA,
508,"In my sixty-five years, I've never felt such pure defiance. Such hope.",,
509,Rory's tech implants flicker in harmony with the rainbow refractions as he raises his modified spray...,RORY,
510,"RORY
We're gonna light up this city like it's never seen before!",RORY,
511,"The artists begin stomping their feet in rhythm, the vibrations causing the kinetic sculptures to da...",The artists,
512,"UNDERGROUND ARTISTS
(rhythmic chanting)","ARTISTS, UNDERGROUND",
513,Light up the dark! Light up the dark!,,
514,"52.
Phoenix's freckles pulse with each chant, her eyes shimmering with fierce determination as she l...",Phoenix,
515,"PHOENIX
(commanding)",Phoenix,
516,"Tomorrow, we paint our future! Tonight, we become the light!",,
517,"The chanting grows to a crescendo, voices echoing through the quantum corridors as the Chromatic Cat...","RORY, ZARA, Phoenix",Chromatic Catacombs
518,"Phoenix stands in the center of the circle, her luminescent freckles casting a gentle glow on the fa...",Phoenix,
519,"PHOENIX
(voice strong but trembling with emotion)",Phoenix,
520,Our art isn't just rebellion anymore. It's revolution.,,
521,"The quantum remnants in the catacombs pulse with rainbow light, reflecting off tears in several arti...","Phoenix, ARTIST","STREET ARTIST, CATACOMBS, STREET"
522,"STREET ARTIST
For those who can't create openly.",ARTIST,"STREET ARTIST, STREET"
523,"YOUNG PAINTER
For those in the detention centers.","YOUNG, YOUNG PAINTER, PAINTER",
524,"53.
The circle tightens as more voices join in, a cascade of whispered dedications. Phoenix's freckl...",Phoenix,
525,"PHOENIX
For my mother. For all our mothers.","Phoenix, For my mother",
526,"She looks at each face in turn, memorizing this moment. The rainbow reflections dance across their j...",,
527,"PHOENIX
(softly)",Phoenix,
528,"Together, we are unstoppable.",,
529,"The artists squeeze hands tighter, their silence more powerful than any shout could be. In the quant...",The artists,catacomb walls
530,"FADE TO BLACK
A moment of silence hangs in the air, then Phoenix raises their joined hands.","Phoenix, BLACK",
531,"PHOENIX
(with quiet intensity)",Phoenix,
532,"Whatever comes, we face it as one. No artist stands alone.",,
533,"54.
The quantum lights dance across their upraised hands, creating a kaleidoscope of colors. Phoenix...",Phoenix,
534,"STREET ARTIST
(nodding firmly)",ARTIST,"STREET ARTIST, STREET"
535,As one.,,
536,The artists echo the words in a building whisper that fills the catacombs.,The artists,
537,"ARTISTS
(in unison)",ARTISTS,
538,As one.,,
539,"Phoenix's free hand traces an arc in the air, leaving a trail of bioluminescent paint that hangs sus...",Phoenix,
540,"PHOENIX
Let this be our promise. Our art will light the darkness until everyone is free to create.",Phoenix,
541,"The suspended paint drops begin to spiral, drawn by the remnant electromagnetic fields. They form a ...",,
542,"> DISSOLVE TO:
INT. THE CHROMATIC CATACOMBS - NIGHT
55.
Rainbow patterns dance across the walls, cas...",NIGHT,"CHROMATIC, CATACOMBS, THE"
543,BOOM! The heavy metal doors burst open. Harsh white light cuts through the rainbow haze as ENFORCERS...,"enforcers, BOOM",
544,Artists scatter like startled birds. Paint cans clatter to the ground. The peaceful sanctuary erupts...,ARTISTS,
545,"PHOENIX
Everyone stay calm!",Phoenix,
546,"She steps forward, positioning herself between the enforcers and the other artists. Her luminescent ...",,
547,"PHOENIX
(to the fleeing artists)",Phoenix,
548,Use the back tunnels! Go!,,
549,"The enforcers advance in formation, their boots echoing against the metal floor. Their presence seem...",The enforcers,
550,"Phoenix stands her ground, her hands stained with still-wet paint, as artists disappear into the sha...",Phoenix,
551,"INT. THE CHROMATIC CATACOMBS - NIGHT
56.
Rainbow patterns dance across the walls, casting an etherea...",NIGHT,"CHROMATIC, CATACOMBS, THE"
552,BOOM! The heavy metal doors burst open. Harsh white light cuts through the rainbow haze as ENFORCERS...,"enforcers, BOOM",
553,Artists scatter like startled birds. Paint cans clatter to the ground. The peaceful sanctuary erupts...,ARTISTS,
554,"PHOENIX
Everyone stay calm!",Phoenix,
555,"She steps forward, positioning herself between the enforcers and the other artists. Her luminescent ...",,
556,"PHOENIX
(to the fleeing artists)",Phoenix,
557,Use the back tunnels! Go!,,
558,"The enforcers advance in formation, their boots echoing against the metal floor. Their presence seem...",The enforcers,
559,"Phoenix stands her ground, her hands stained with still-wet paint, as artists disappear into the sha...",Phoenix,
560,"The sound of boots grows thunderous. ENFORCERS in sleek black uniforms storm through the tunnels, th...",enforcers,
561,"PHOENIX backs against her unfinished mural, paint dripping from her hands. Around her, artists scatt...",Phoenix,
562,"57.
YOUNG ARTIST
(terrified)","YOUNG, ARTIST, YOUNG ARTIST",
563,Phoenix! What do we do?,,
564,"PHOENIX
Fight back! Use what we have!",Phoenix,
565,"Artists grab paint cans and brushes, hurling them at the enforcers. Vibrant colors explode against b...","ARTISTS, One artist",
566,"An enforcer grabs a young painter. Phoenix snatches up a bucket of luminescent paint and hurls it, t...","Phoenix, YOUNG PAINTER, ENFORCER, PAINTER",
567,"MARCUS emerges from the chaos, his scarred face twisted with determination. He locks eyes with Phoen...","MARCUS, Phoenix",
568,"MARCUS
(into comm device)",MARCUS,
569,Secure the perimeter. No one leaves.,,
570,"More enforcers pour in. Artists are tackled, cuffed, their creative weapons stripped away. Phoenix w...",Phoenix,
571,"PHOENIX
(whispered)",Phoenix,
572,"58.
This can't be happening...",,
573,The mural behind her - their symbol of hope - begins to disappear under thick black paint sprayed by...,Phoenix,
574,"Through the chaos, a small sketchbook slides across the floor, pages of dreams scattered and trample...",,
575,"PHOENIX stands amidst the scattered art supplies, her luminescent freckles pulsing with determinatio...",Phoenix,
576,"PHOENIX
(voice trembling but strong)",Phoenix,
577,"They can destroy our art, but they can't destroy what's inside us. What makes us create.",,
578,"She looks around at the other artists huddled in small groups, their faces a mix of fear and anger. ...",A young artist,
579,"PHOENIX
(moving toward the group)",Phoenix,
580,Hey. Look at me. All of you.,,
581,"The artists slowly turn to face her, drawn by the intensity in her voice. Phoenix's freckles glow br...",Phoenix,
582,"PHOENIX
Every piece they destroy becomes our reason to make ten more. Every artist they try to silen...",Phoenix,
583,"59.
She raises the broken spray can.",,
584,"PHOENIX
--becomes a hundred voices shouting back.",Phoenix,
585,"A murmur of agreement ripples through the crowd. Phoenix walks to a partially destroyed mural, touch...",Phoenix,
586,"PHOENIX
We need to show them that art isn't just paint and canvas. It's in our blood. In our dreams....",Phoenix,
587,"An older artist, covered in paint dust, steps forward.",An older artist,
588,"OLDER ARTIST
But how? They're watching everything now.","OLDER, ARTIST",
589,Phoenix's eyes catch the rainbow refractions dancing across the catacomb walls. Her freckles pulse w...,Phoenix,catacomb walls
590,"PHOENIX
We use their fear against them. Make art they can't trace. Can't erase.",Phoenix,
591,"She picks up some pigment dust, letting it catch the light and float in the electromagnetic field.",,
592,"60.
PHOENIX
(with fierce determination)",Phoenix,
593,"We become the art they're trying to destroy. Each of us, a living, breathing piece of rebellion.",,
594,"The floating pigments swirl around her like a living aurora, casting hope-filled shadows across the ...",,
595,"INT. THE PERCEPTION FACTORY - MEDITATION POD - NIGHT
Dim bioluminescent patterns pulse across the wa...","Phoenix, MEDITATION, NIGHT, POD, FACTORY, PERCEPTION",THE
596,Her fingers trace over the intricate pencil lines of a drawing – a group of artists painting a massi...,,
597,"PHOENIX
(whispered)",Phoenix,
598,This can't be...,,
599,Her luminescent freckles flicker as she turns another page to find a self-portrait of a younger Marc...,MARCUS,
600,"Phoenix's hands begin to tremble. She closes the sketchbook, clutching it to her chest as the realit...",Phoenix,
601,PHOENIX,Phoenix,
602,"61.
(to herself)
You were one of us.",,
603,The neural-reactive walls around her shift from their usual cool blues to conflicted swirls of purpl...,"Phoenix, MARCUS",
604,Her fingertips ghost over the signature at the bottom of the portrait. The walls pulse with a deep c...,,
